# modelling_types.csv - the modelling types the BRIDGE web app offers, and the settings each one sets.
# A run is saved under Secondary Modelling/<BMC>/<period> <modelling type>/<run name>/,
# e.g. "2025Q1-2025Q4 Secondary". Everyone picks a type from this list.
# A name is a folder name: letters, digits, spaces, _ - and ., at most 80 characters.
#
# Every column after modelling_type is a config.yaml setting, written section.key
# (model.include_intercept, model.fourier_order, run.dv_scale ...). A cell is that type's
# value (true / false, a number, a name); a BLANK cell sets nothing - the team's
# config.yaml value stays. Choosing a type in the app switches these settings, and the
# job applies them too: config.yaml < the type's settings < what the modeller changed.
# Add a setting by adding a column. Lines starting with # are ignored.
# Re-upload the folder; the app follows within 5 minutes (at once on a page reload).
modelling_type,model.include_intercept
LTE,
Primary,true
Secondary,false
