vendor_variable,our_variable,region,contribution
media_digital-display_all-plac_all-plat_all-camp_sub-brand-effervescent_hero_impressions,media_digital-display_all-plac_all-plat_all-camp_sub-brand-effervescent_hero_impressions_mat1,Core,880000
media_digital-display_all-plac_all-plat_all-camp_sub-brand-effervescent_hero_impressions,media_digital-display_all-plac_all-plat_all-camp_sub-brand-effervescent_hero_impressions_mat2,Core,880000
media_digital-display_all-plac_all-plat_all-camp_sub-brand-effervescent_hero_impressions,media_digital-display_all-plac_all-plat_all-camp_sub-brand-effervescent_hero_impressions_mat1,Premium,660000
media_digital-display_all-plac_all-plat_all-camp_sub-brand-effervescent_hero_impressions,media_digital-display_all-plac_all-plat_all-camp_sub-brand-effervescent_hero_impressions_mat2,Premium,660000
media_tv_all-plac_all-plat_all-camp_sub-brand-core_halo_grps,media_tv_all-plac_all-plat_all-camp_sub-brand-core-effervescent_halo_grps,Core,1250000
media_tv_all-plac_all-plat_all-camp_sub-brand-core_halo_grps,media_tv_all-plac_all-plat_all-camp_sub-brand-core-liquid_halo_grps,Core,1250000
btl_expert-calls_premium_calls_mat1,btl_expert-calls_premium_calls,Core,210000
btl_expert-calls_premium_calls_mat2,btl_expert-calls_premium_calls,Core,190000
sales_brand_all-benefit_price_base-price,sales_brand_all-benefit_price_base-price,Core,
